"geodeticDatum","reps"
"Terrain Navigatory 1:24,000",1
"Tokyo Datum",33
"TOPO!",13
"Trib. To Na",3
"TRS",1
"trs2LL",3
"Tx Highway 51",1
"Tyndall",3
"UGS84",1
"unbknonw",1
"under seaweed at tide line",21
"Union",1
"unk",483
"unkknown",4
"unknown",827102
"unknown-NAD83 assumed",1
"unknwon",23
"Unkown",2
"USD 27",5
"USD 83",364
"USD83",18
"USGA 7.5"""" Wolf Gap WV/VA quad",1
"USGS 7.5 """"Wolf Gap"""" WV/VA quad (1966)",1
"UTM",23
"UTM 11 630189E 3979535N",1
"UTM 11S 673181E 4199518N",1
"UTM 176 LU19",1
"UTM 241154",1
"UTM 32 V KM 936 861",2
"UTM NAD 83",33
"UTM NAD27",10
"UTM NAD27, NAD83 Decimal Degrees",910
"UTM NAD83",1
"UTM NR 10,41",1
"UTM projection",18
"UTM Z10",1
"UTM Z11",2
"UTM Z11 730336E 4020656N",1
"UTM Z11 NAD27 632188E 4014937N",1
"UTM Zone 10",1
"UTM Zone 10, 717595e 5066560n",1
"UTM zone 10T 526410 east 4657296 north +/- 33 ft WGS84",1
"UTM Zone 11 306487E 4979620N",1
"UTM Zone 11; WGS84",1
"UTM zone 11285019E 5079243N",1
"UTM Zone 16",209
"UTM Zone 17",50
"UTM Zone16",6
"UTM Zone17",3
"UTM: 12N 391744mE 4203693mN",1
"UTM: 32 V LN 724 128",2
"UTM:Zone 17",2
"UTM~11584769E 4005377N",1
"UTM12458931E, 2716238N (NAD83/WGS84)",1
"UTM236179",1
"UTM425454",1
"UTM427458",1
"UTM453501",1
"UTMWGS84",1
"UTMZone 10",1
"Vanceburg",1
"visual plot on Google Map Satellite image by JCC",1045
"Viti Levu 1916",27
"W",7453
"WBS84/NAD83",18
"WFGS84",1
"WG",2
"WG S84",2
"WG584",11
"WG84",11
"WG84/NAD83",19
"WG84S",4
"WGA84",24
"WGAS84",1
"WGD84",1
"WGS",654
"WGS 102",8
"WGS 159",26
"WGS 163",54
"WGS 1894.",2
"WGS 1972",1
"WGs 1984",8444
"WGS- 1984",1
"WGS 1984 (WGS 84)",270
"WGS 1984,",1
"WGS 1984.",103
"WGS 1984. Re-located per GoogleEarth.",1
"WGS 72",26
"WGS 80",35
"WGS 83",221
"WGS 84",477807
"WGS 84  (UTM Datum: NAD83)",107
,62308472
"'",2
"�� 100 m",1
"!196",2
"#N/A",1
"#N/D",320
"(+/- 30 meters)",2
"(Atlas Fl. Eur.): MH2",1
"(copied from UCR133714)",1
"(GPS, WGS 84)",5
"(NAD 27)",14
"(NAD 83)",17
"(NAD 84)",1
"(NAD27 CONUS)",2
"(NAD27)",2
"(NAD27) North American 1927",10
"(NAD84)",6
"(UTM Datum: NAD 27 CONUS)",1
"(WGS 84)",4
"(WGS84)",3
"(WGS84) World Geodetic System 1984",1
"(WSG 84)",2
".",2
"/qfa84",2
"?way off",1
"[Redacted]",202
"[WGS 84] ca 1132 m (estimate)",1
"[WGS 84] ca 1157 m (estimate)",1
"\",1
"`",51
"=",1
"0",13
"0.3 km",3
"0588664E, 4465040N",1
"0602338E, 4533089N",1
"0602368E, 4532830N",1
"0623918E, 4495836N",1
"0731100 5178800",1
"1",4
"��10 m",2
"��100 m",1
"-100.0523890000",1
"-100.1067760000",1
"-100.1163970000",1
"-100.1664260000",2
"-100.1767680000",1
"-100.1940350000",1
"-100.1955150000",1
"-100.2180100000",2
"-100.2188700000",1
"-100.2242780000",1
"-100.2275570000",3
"-100.2276710000",1
"-100.2385630000",3
"-100.2390050000",2
"-100.2409660000",5
"-100.2457280000",1
"-100.2584840000",2
"-100.2769700000",1
"-100.2784180000",1
"-100.2855830000",1
"-100.2859750000",1
"-100.2913440000",1
"-100.3072200000",1
"-100.3093480000",1
"-100.3235860000",1
"-100.3263710000",1
"-100.3270940000",2
"-100.3313900000",1
"-100.3385270000",1
"-100.3503050000",1
"-100.3564520000",1
"-100.3585330000",1
"-100.3593780000",1
"-100.3687850000",1
"-100.3720080000",1
"-100.3766310000",1
"-100.3934420000",3
"-100.4157260000",1
"-100.4298040000",1
"-100.4363270000",2
"-100.4370130000",1
"-100.4383870000",1
"-100.4429780000",1
"-100.4480520000",1
"-100.4490460000",2
"-100.4501020000",1
"-100.4545230000",133
"-100.4567540000",3
"-100.4573610000",1
"-100.4633500000",46
"-100.4637170000",1
"-100.4656110000",1
"-100.4697480000",2
"-100.4700280000",1
"-100.4760880000",29
"-100.4805390000",1
"-100.4812460000",1
"-100.4819710000",4
"-100.4820740000",3
"-100.4826160000",1
"-100.4832860000",1
"-100.4844400000",1
"-100.4864650000",1
"-100.4874000000",1
"-100.4895100000",3
"-100.4937810000",1
"-100.4949930000",4
"-100.4961210000",1
"-100.4966380000",3
"-100.4974400000",49
"-100.4977400000",1
"-100.4979530000",1
"-100.4979870000",4
"-100.4982400000",2
"-100.4989970000",1
"-100.4994440000",1
"-100.5002410000",1
"-100.5005110000",7
"-100.5006240000",5
"-100.5006470000",2
"-100.5007130000",4
"-100.5007350000",1
"-100.5007820000",6
"-100.5008510000",3
"-100.5008770000",1
"-100.5011690000",7
"-100.5012800000",3
"-100.5015580000",2
"-100.5016260000",11
"-100.5018860000",1
"-100.5019010000",1
"-100.5027220000",1
"-100.5029720000",2
"-100.5029750000",2
"-100.5040810000",6
"-100.5054180000",1
"-100.5086410000",11
"-100.5087060000",18
"-100.5094550000",1
"-100.5108550000",1
"-100.5113260000",1
"-100.5115070000",6
"-100.5115470000",1
"-100.5119010000",1
"-100.5122350000",1
"-100.5128850000",8
"-100.5129710000",2
"-100.5134960000",1
"-100.5136300000",1
"-100.5143470000",1
"-100.5143480000",8
"-100.5143520000",3
"-100.5144930000",1
"-100.5172630000",1
"-100.5179900000",20
"-100.5189310000",1
"-100.5201820000",1
"-100.5203040000",1
"-100.5207520000",1
"-100.5208970000",4
"-100.5215930000",3
"-100.5222470000",1
"-100.5235090000",1
"-100.5271560000",1
"-100.5271810000",1
"-100.5287640000",1
"-100.5291520000",3
"-100.5296880000",1
"-100.5331420000",1
"-100.5348450000",1
"-100.5350200000",1
"-100.5372930000",1
"-100.5387380000",1
"-100.5390730000",2
"-100.5390840000",1
"-100.5391080000",4
"-100.5395840000",1
"-100.5398660000",1
"-100.5403530000",3
"-100.5423940000",2
"-100.5427720000",1
"-100.5429080000",2
"-100.5431560000",2
"-100.5446830000",3
"-100.5447920000",3
"-100.5455620000",1
"-100.5461790000",8
"-100.5463180000",1
"-100.5463810000",1
"-100.5469840000",4
"-100.5484110000",1
"-100.5563470000",1
"-100.5611380000",1
"-100.5761610000",2
"-100.5817340000",1
"-100.5961650000",65
"-100.5963130000",4
"-100.6080330000",1
"-100.6204170000",1
"-100.6218400000",1
"-100.6227800000",1
"-100.6383290000",1
"-100.6392300000",1
"-100.6400310000",2
"-100.6410460000",1
"-100.6430600000",4
"-100.6458690000",1
"-100.6507850000",1
"-100.6799300000",8
"-100.6800950000",2
"-100.6820940000",1
"-100.6873700000",28
"-100.6881980000",1
"-100.6963350000",1
"-100.6996310000",3
"-100.7015960000",1
"-100.7080390000",1
"-100.7106100000",1
"-100.7119960000",1
"-100.7166700000",30
"-100.7187300000",5
"-100.7304030000",1
"-100.7307110000",1
"-100.7327290000",1
"-100.7344410000",1
"100.739069",3
"-100.7408070000",1
"-100.7790150000",1
"-100.7857490000",1
"-100.7897450000",1
"-100.8020050000",1
"-100.8112310000",1
"-100.8185240000",1
"-100.8282420000",1
"-100.8382340000",1
"-100.8841750000",1
"-100.9172200000",2
"-100.9753420000",1
"-100.9970870000",3
"1000",2
"1000 m",3
"100m",7
"-101.0333900000",1
"-101.0410180000",1
"-101.0494920000",6
"-101.0522570000",1
"-101.1914420000",1
"-101.3638100000",1
"-101.3849660000",1
"-101.4156150000",1
"-101.4395140000",1
"-101.4501770000",1
"-101.4586000000",1
"-101.4783300000",13
"-101.4808300000",1
"-101.4848530000",1
"-101.6479310000",2
"-101.6946600000",1
"-101.6962310000",1
"-101.8000950000",1
"-101.8222200000",1
"-101.8291290000",1
"-101.8375960000",1
"-101.8394400000",1
"-101.8540330000",2
"-101.8595660000",1
"-101.8709700000",1
"-101.9215670000",1
"-101.9285820000",1
"-101.9569090000",1
"-101.9747200000",1
"-101.9828190000",1
"1014",6
"102",17
"-102.0271740000",1
"-102.0355600000",7
"-102.0777510000",1
"-102.0805900000",1
"-102.0843660000",21
"-102.0942740000",2
"-102.0995520000",1
"-102.2398800000",24
"-102.2573200000",1
"-102.2744390000",1
"-102.3437030000",1
"-102.4434380000",1
"-102.5381470000",10
"-102.5454390000",1
"-102.6192010000",1
"-102.6350560000",1
"-102.6953890000",1
"-102.7441410000",1
"-102.9840110000",2
"-103.0682370000",1
"-103.0915330000",2
"-103.0982890000",1
"-103.3391700000",3
"-103.5715270000",1
"-103.6605600000",1
"-103.7472600000",1
"-103.7795220000",1
"-103.7850550000",1
"-103.8638720000",1
"-103.8866810000",1
"-103.8907690000",1
"-103.8941700000",3
"-103.9180360000",1
"-103.9259940000",1
"-103.9278910000",1
"-103.9389290000",1
"-103.9509890000",1
"-103.9619650000",2
"-103.9667830000",1
"-103.9803760000",1
"-103.9899460000",1
"-103.9982360000",1
"1037",2
"-104.0029510000",1
"-104.0448970000",1
"-104.0638540000",1
"-104.0680090000",2
"-104.0719910000",1
"-104.1729790000",1
"-104.2181060000",4
"-104.4367490000",1
"-104.4961100000",2
"-104.6867630000",2
"-104.6871820000",14
"-104.6886750000",1
"-104.6887890000",1
"-105.5406450000",1
"1050",2
"-106.2817380000",1
"-106.6158300000",1
"-107.6184230000",2
"-107.7401330000",2
"1075",3
"-109.8413090000",1
"��10m",4
"110",3
"1130",2
"114",14
"1155",2
"11595",55
"1176",4
"1180",3
"-119.8828130000",1
"119?47'W",1
"1190",1
"12",371
"12 T UTM",1
"12/1146",1
"1200",1
"-121.15",1
"-122.5229410000",1
"1221",4
"124",1
"1262",1
"128",4
"12s",2
"12T0574452E 4531017N",1
"1313",88
"1322",1
"1327",5
"1329",7
"1330",1
"1334",2
"1335",3
"1337",2
"134",2
"1340",2
"1342",2
"1350",7
"1355",1
"1364",1
"137",3
"1371",2
"1372",8
"1375",3
"1381",13
"1390",1
"14",1
"1400",3
"1401",2
"141.0205080000",1
"1421",15
"1430",1
"1431",11
"1439",2
"1440",3
"1445",8
"1451",21
"1458",3
"146",2
"1468",1
"1469",6
"147.5463870000",1
"1478",4
"1483",4
"1496",2
"1500",16
"1505",9
"1510",32
"1522",1
"1524",8
"1538",5
"1550",2
"1551",11
"1556",12
"1559",1
"156",1
"1562",3
"1563",1
"1564",3
"1570",3
"1597",2
"16",1
"1600",1
"1618",12
"1631",2
"1635",1
"1643",3
"1648",3
"165",1
"1659",8
"1668",9
"1670",7
"1673",6
"1674",1
"16770",2
"1681",1
"1685",5
"1688",3
"1689",1
"1690",1
"1698",4
"17",1
"1701",3
"1713",1
"1718",14
"1720",6
"1722",2
"1723 m",5
"1728",1
"1732 m",9
"1734",8
"1738 m",10
"1745",1
"1749 m",2
"175",1
"1753",1
"1762",1
"1769",3
"177.06m",1
"1773",5
"1774",2
"1776",1
"1777",9
"1780",2
"1792",1
"18 40' 14.8 - 18 41' 14.1 N; 109 52' 58.3 - 109 52' 45.8 E",1
"18 40' 27.6 N 109 36' 15.9 E",2
"18 41' 14.1 N 109 52' 45.8 E",4
"18 42' 24.0 - 18 41' 14.1 N  109 52' 55.5 - 109 52' 45.8' E",11
"18 42' 24.0 N 109 52' 55.5 E",10
"18 43' 29.5 N 109 52' 07.4 E",2
"18 43' 46.6 N 109 52' 34.2 E",47
"18 44' 01.4 N 109 32' 54.0 E",8
"18 50' 24.4 N 109 38' 45.7 E",1
"18 54' 20.2 N 109 40' 48.6 E",22
"18.8951340000",2
"1800",5
"1816",3
"1821",14
"1823",1
"1859",31
"1863",1
"1865",2
"1880",1
"1883",1
"19 06' 55.3 N 109 05' 52.5 E",18
"19 56' 15.4 N 110 14' 38.9 E",7
"19.471",1
"1902",6
"1912",3
"1917",1
"192",2
"1923",8
"1927",5200
"1929",1
"1948",1
"1959",14
"196",1
"1962 American Samoa",9
"1981",26
"1982",4
"1983",12
"1984",13
"1985",1
"1986",6
"1990",1
"1991",1
"1996",2
"20",1
"20 03 00.0  N 110 19 11.0 E",1
"200",2
"2001",2
"201",34
"2012",2
"2014",8
"2015",1
"2027",4
"2029",3
"2035",1
"2045",5
"2047",5
"2054",5
"2060",5
"2061",9
"2063",6
"206593 E 429666 N",1
"20699",2
"2078",1
"2084",3
"20N",1
"21",2
"21.1",1
"21.111823",1
"210",2
"212",7
"2132",14
"2141",4
"2158",9
"2172",4
"22",1
"22.211654",1
"2200",1
"2201",1
"222222222222222222222222222222222222222222222222",1
"2228",3
"2252",11
"2253",6
"2265",8
"2267.192",2
"227",1
"2289",19
"229",2
"23",1
"2308",1
"2309",1
"2310",1
"2311",1
"2320",3
"2331",1
"238",1
"239747 E 4416782 N",2
"24",3
"2417",5
"242",1
"2485",1
"249",1
"249764 E 4355486 N",1
"2576",1
"26.0595700000",1
"260",2
"2600 ft",1
"2636",3
"2670",1
"27",93
"270ft",1
"2735",4
"2739",2
"274",5
"2742",1
"278",1
"2829",9
"2880",1
"288971 E 4324136 N",1
"293",3
"298147 E 4348377 N",1
"299",6
"29966",249
"2km",1
"3",1942
"30",1
"3000",1
"3000 m",1
"301",3
"3036",9
"3050",1
"3066300_388600",1
"308",1
"308923E 4974800 N",1
"3120",1
"312350 4454924",1
"314991 4483946",1
"3150",1
"316",1
"3184",1
"319824E, 4255333N",1
"320",10
"329",17
"335",2
"336467E, 4984392N",1
"338",3
"34.6819",1
"347",9
"347493E, 4246995N",1
"3483",2
"348518E 425170N",1
"3486824E 4249512N",1
"35",1
"-35.8594444",1
"351",1
"357",2
"3635.192",3
"366",30
"37",3
"376",1
"38",1
"-38.8963889",1
"380017 E 4351684 N",2
"380913 E 4301750 N",2
"383279E 4484281N",1
"384175 E 4316100 N",1
"3861820",1
"3881783",1
"-40.1997222",1
"401",11
"4015544N 620640E",1
"402",1
"4082.78N 382.29E",1
"-41.0497222",1
"4171",1
"419",8
"425",1
"4346703.13mN 301121.42mE",1
"439",1
"44.987847",1
"441170 E. 4370662 N. 12 T UTM",1
"4424993 N, 285385 E",1
"4425130 N 286231 E",2
"4425431 N 284927 E",1
"4425461 N 284654 E",1
"4425734 N 284799 E",1
"4425976 N 285002 E",1
"4426240 N 285121 E",1
"4444669N 680257E",1
"4444669N 680257E, NAD 83",1
"4463",4
"45",1
"457",1
"-46.8205556",1
"-47,55",1
"4700 ft.",1
"479909E 4933086N",1
"-48,62",1
"4800 ft",1
"-49,35",1
"5",11
"5.59m",1
"5000",7
"50000",1
"507773E 4415328N",1
"-51,70",2
"-51,73",2
"512",2
"518",1
"-53,58",1
"5320",1
"538978E 4578744N",1
"-54,13",1
"-54,43",1
"-54.3164060000",4
"549",2
"-55,88",1
"-55.0355833",1
"-55.5225833",1
"5500ft",1
"550847E, 4317913N",1
"550910E, 4317975N",2
"5547",1
"558299E, 4321688N",1
"56",1
"561995E 4029466N",1
"57",1
"-58.4651330000",1
"-58.7000000000",41
"584769E 4005377N",1
"585021, 4483922",1
"-59,97",1
"-59.1641670000",71
"-59.2657694",2
"-59.9163889",1
"-59.9195722",4
"-59.9209778",2
"-59.9223806",18
"-59.9237861",8
"-59.9251083",10
"-59.9265111",8
"-59.9279139",2
"-59.9284944",6
"-59.9298972",6
"-59.9313028",5
"-59.9326222",4
"-59.9340278",14
"-59.9354306",2
"-59.9374139",8
"-59.9401389",3
"-59.9412139",4
"-59.9415417",9
"-59.9425333",3
"-59.9428639",5
"-59.9442694",15
"-59.9463333",2
"-59.9476556",8
"-59.9490583",4
"-59.9499667",6
"-59.9503806",8
"-59.9513722",12
"-59.9517833",8
"-59.9531056",15
"-59.9551694",6
"-59.9554833",6
"-59.9565750",15
"-59.9578972",3
"-59.9588861",4
"-59.9593000",1
"-59.9603528",5
"-59.9606222",8
"-59.9620250",7
"-59.9691944",4
"-59.9877778",1
"5950 ft.",1
"6",3
"6 km",1
"-60.3569444",1
"-60.4459083",1
"-60.7032778",1
"600",1
"-61.4465250",2
"-61.4465417",3
"-61.4554861",2
"-61.4555083",1
"-61.4555222",1
"-61.4555472",3
"-61.4644944",1
"-61.4645222",3
"-61.4645500",4
"-61.4735167",1
"-61.4735444",1
"-61.4824944",2
"-61.4825194",1
"-61.4825361",1
"-61.4825444",1
"-61.5594500",1
"-61.5630000",2
"-61.5655833",1
"-61.5736000",1
"-61.5875000",4
"-61.9296667",1
"-61.9359500",1
"618120E 4013340N",1
"-62,42",1
"-62,80",1
"-62.2627778",2
"-62.3050000",2
"624840E 4013891N",1
"-63,00",1
"-63,28",1
"-63.8841389",3
"631719 4243010 11 N",1
"632768E 3971034N",1
"640242E, 3983038N",1
"645754E 4890603N",1
"647494E 4150083N UTM Z11",1
"-65.3036111",2
"651679E 4887106N",1
"651679E, 4887106N",1
"6558",16
"657077E 4248624N",1
"-66,17",1
"-66,42",1
"674128E 4250715N",1
"674201E 4250720N",1
"674298E 4250672N",1
"684761 4335933",1
"687853 4611211",1
"694923, 4608596",1
"7",779
"-70.2321620000",1
"700",1
"7067633E 406452N",1
"712065 5068143",1
"715",6
"73",5
"-73.0902778",2
"-73.2911680000",3
"-73.7251280000",1
"-73.7313490000",2
"-73.7666700000",1
"-73.8264060000",1
"-73.8849000000",2
"730336E 4020656N",2
"732",2
"735200E 4313600N",1
"-74.0847060000",10
"-74.4375780000",1
"-74.4543450000",1
"-74.5257570000",2
"-74.8401810000",2
"750",7
"-76.5944050000",1
"763",5
"77",1
"-77.3515620000",1
"-77.7392580000",1
"-78.943648",1
"7800",1
"7844",21
"8",1
"80",16
"-80.5704980000",1
"-80.6173320000",1
"-80.6852800000",1
"-80.7151000000",1
"-80.7352030000",2
"-80.7413600000",1
"-80.7418750000",1
"-80.7487280000",1
"-80.7647040000",1
"-80.7900000000",22
"-80.8243940000",5
"800",1
"8000",68
"-82.9789360000",1
"83",2
"8300 ft.",1
"84",2
"865",5
"9",3
"9.60",1
"-94.8997200000",1
"-95.1205540000",1
"-95.2028850000",5
"-95.2886100000",1
"-95.3080600000",2
"-95.4369170000",1
"-95.5688900000",2
"-95.6475750000",1
"-95.6644400000",4
"-95.6979870000",1
"-95.8265360000",4
"-95.9557800000",1
"-95.9795010000",1
"950",1
"-96.1701220000",1
"-96.2537380000",2
"-96.3298970000",1
"-96.3528490000",2
"-96.4153940000",3
"-96.4231060000",5
"-96.8712780000",2
"-96.9333300000",2
"-96.9830740000",1
"-97.0869230000",4
"-97.1186840000",4
"-97.1302750000",4
"-97.1790270000",2
"-97.2218370000",1
"-97.2535970000",1
"-97.2580150000",1
"-97.2785380000",2
"-97.3036420000",5
"-97.3111950000",1
"-97.3961100000",12
"-97.7427800000",1
"-97.7434670000",1
"-97.8599500000",1
"-98.0462510000",2
"-98.1518550000",1
"-98.2836910000",1
"-98.5522640000",1
"-98.6830930000",1
"-98.7623540000",1
"-98.9761980000",1
"-98.9784700000",1
"-99.1080620000",1
"-99.1302800000",1
"-99.1331570000",1
"-99.2670740000",1
"-99.2836070000",2
"-99.2967680000",1
"-99.2975000000",1
"-99.3339200000",4
"-99.3671670000",1
"-99.3841700000",1
"-99.3887980000",1
"-99.4176160000",1
"-99.4214750000",1
"-99.5134170000",1
"-99.6139830000",1
"-99.6425090000",7
"-99.7320930000",4
"-99.7636790000",1
"-99.7703830000",1
"-99.8204420000",1
"-99.8415400000",1
"-99.8566910000",1
"-99.8629840000",1
"-99.9327130000",1
"-99.9643410000",1
"-99.9700930000",2
"a",1
"ADG 66",3
"AGD 66",18783
"AGD66",49796
"AGD84",1
"Ain el Abd 1970",20
"American Samoa 1962",43
"Amersfoort",317
"Antigua Island Astro 1943",3
"approx",4
"approx.",7
"Arc 1950",1
"Arc 1960",229
"Astronomic Station Ponape (1951)",4
"Atl. Fl. Eur.",1
"Atlas Fl. Eur.: NH1",1
"AUS84",15
"Australian Geodetic 1966",1858
"Australian Geodetic 1984",1019
"Australian Geodetic Datum 1966",122
"Australian Geodetic Datum 1984",1
"Balanus Seamount",3
"Benkovac",4
"BerkeleyMapper",1
"BerkeleyMapper (copied from UC101086)",1
"Berkshire, Wellington College",3
"Bogota Observatory",2057
"Butovice",1
"Buttrill Ranch",1
"C3",12
"ca.",6
"Cape",19
"Chorrillos",2
"Chuchle",1
"Clarke 1858",468
"Corrego Alegre",245
"DAD83",1
"Dadens (BC)",1
"Datum 83",1
"DD",1
"DecimalDegrees",52
"Delaware",1
"desconhecido",251702
"Djakarta (Batavia)",208
"DMC",8
"DMS",16
"DMS:",1
"ED",5
"ED50",114
"ED50V",1
"EPSG:4326",99
"European 1950",211
"European Datum 1950",1
"Eutendorf",1
"f",1
"Fort Thomas 1955",19
"Friday Harbor",1
"Fundamental de Ocotepeque",7467
"G9",1
"GAD94",1
"Garson",12
"gazetteer",24
"GDA 94",1
"GDA94",8390
"Geocentric Datum of Australia 1994",48
"Geodetic Datum of Australia 1994",1267
"GEOLocate",59
"GEO-SIRGAS2000_EGM-96",18500
"GNIS",2
"Google Earth",245
"Google Earth and Google Maps",3
"Google Map (WGS84)",1
"GoogleEarth",1
"GPS",1622
"GPS (WGS84)",2
"GPS, NAD 27",1
"GPS_loran",2
"GRA",14
"GRS 80",8
"GS4",1
"GS84",69
"GST 84",100
"GTS 84",1
"Guajara Mirim",1
"Guam 1963",460
"Guam Datum",70
"GUX 1 Astro",141
"h",23
"HAD83",2
"HER.04752",2
"Holzmaden",16
"http://lichenportal.org/portal/collections/editor/occurrenceeditor.php?q_recordedby=&q_recordnumber=&q_eventdate=&q_identifier=&q_othercatalognumbers=&q_observeruid=&q_enteredby=&q_datelastmodified=&q_processingstatus=unprocessed&q_customfield1=stateProvi",1
"Hu-Tzu-Shan",1442
"ID 1974",67
"Indian 1954",8
"Indian 1960",16
"Indian 1975",43
"Indonesian 1974",6
"""International spheroid""",13
"inundatum",1
"IPB.00227.A",32
"Ireland 1965",52
"IVAD 83",1
"Japanese Geodetic Datum 2000",2786
"Kelvin Seamount",5
"Kenya Colony",405
"Kertau 1948",64
"Kusaie Astro 1951",348
"l",7
"label",2
"Lat. ca. 20�� N.",1
"Lemuta",74
"LG1",1
"LH1",2
"LHI",1
"Lochkov",1
"Lockport",1
"loran",1
"Luzon",156
"Luzon Philippine",159
"Luzon Philippines",3
"m",4
"Manning Seamount",11
"Map datum unk",26
"Marathon",70
"MIN.03673",2
"Montserrat Island Astro 1958",22
"n",2
"n./k",1
"N/A",3
"NA",2
"NA83",1
"NA83D",1
"NA84",3
"NAB83",1
"NAD",10
"NAD - 1927",30
"NAD 1924",1
"NAD 1927",9870
"NAD 1927?",5
"NAD 1983",140
"NAD 1984",2
"NAD 1987",3
"NAD 27",103604
"NAD 27  (UTM Datum: NAD 27 CONUS)",10
"NAD 27  (UTM Datum: NAD27 CONUS)",1
"NAD 27  (UTM Datum: NAD27)",1
"NAD 27 Alaska Datum",1
"NAD 27 CONUS",123
"NAD 27, map estimate",120
"NAD 28",1
"NAD 29",1
"NAD 38",1
"Nad 83",29927
"NAD 83 Z11",1
"NAD 83, GPS reading",1
"NAD 83, Zone 11 N",1
"NAD 83, Zone 15",1
"NAD 83/84",563
"NAD 83/WGS84",2
"NAD 84",99
"NAD 85",2
"NAD 86",2
"NAD 87",1
"NAD, WGS84",3
"NAD@27",1
"NAD100",3
"NAD101",3
"NAD102",3
"NAD103",2
"NAD104",3
"NAD105",3
"NAD106",3
"NAD107",3
"NAD108",2
"NAD109",3
"NAD110",6
"NAD111",3
"NAD112",2
"NAD113",2
"NAD114",2
"NAD115",2
"NAD116",2
"NAD117",2
"NAD118",1
"NAD119",2
"NAD120",1
"NAD121",1
"NAD122",1
"NAD123",1
"NAD124",1
"NAD125",1
"NAD126",1
"NAD127",1
"NAD128",1
"NAD129",1
"NAD130",2
"NAD131",1
"NAD132",1
"NAD133",1
"NAD134",1
"NAD135",1
"NAD136",1
"NAD137",1
"NAD138",1
"NAD139",1
"NAD140",1
"NAD141",1
"NAD142",1
"NAD143",1
"NAD144",1
"NAD145",1
"NAD146",1
"NAD147",1
"NAD148",1
"NAD149",1
"NAD150",1
"NAD151",1
"NAD152",1
"NAD153",1
"NAD154",1
"NAD155",1
"NAD156",1
"NAD157",1
"NAD158",1
"NAD159",1
"NAD160",1
"NAD161",1
"NAD162",1
"NAD163",1
"NAD164",1
"NAD165",1
"NAD166",1
"NAD1927",179
"NAD1983",1282
"NAD27",1360374
"NAD-27",3
"NAD27  (UTM Datum: NAD 27 CONUS)",30
"NAD27  (UTM Datum: NAD27 CONUS)",1
"NAD27  (UTM Datum: NAD83)",1
"NAD27 (waypoint #266); UTM zone 11",1
"NAD-27 continental",1
"NAD27 CONUS",798
"NAD27 GPS",2
"NAD27 updated with NAD83",1
"NAD27 UTM, NAD83 Decimal Degrees",36
"NAD27, CONUS",106
"NAD27?",1
"NAD27-AK",1
"NAD27CONUS",2
"NAD27NAD27",21
"NAD27NAD27NAD27",19
"NAD28",31
"NAD29",9
"NAD3",1
"NAD30",8
"NAD31",4
"NAD32",3
"NAD33",3
"NAD34",3
"NAD35",2
"NAD36",2
"NAD38",1
"NAD383",1
"NAD39",1
"NAD40",1
"NAD41",1
"NAD7",2
"NAD8",1
"NAD82",8
"NAD82/WSS84",1
"NAD83",535548
"NAd-83",24
"NAD83  (UTM Datum: NAD83)",3
"NAD83 / WGS84",4
"NAD83 GPS",33
"NAD83 Zone 16",10
"Nad83 Zone 17",1
"NAD83&WGS84",25
"NAD83, WGS84",1
"NAD83/",1
"NAD83/84",29
"NAD83/WGS128",9
"NAD83/WGS129",1
"NAD83/WGS8;",1
"NAD83/WGS84",13340
"NAD83/WGS84, ACME Mapper 2.1",1
"NAD83/WGS84w",1
"NAD83/WGS85",1
"NAD83/WGS86",1
"NAD83/WGS94",3
"NAD83/WGS95",1
"NAD83/WGS96",1
"NAD83/WGS97",1
"NAD83/WGS98",1
"NAD83/WSS84",10
"NAD83?",1
"NAD83?WGS84",1
"NAD83354",1
"NAD84",1554
"NAD84/WGS84",1
"NAD85",4
"NAD86",4
"NAD87",5
"NAD88",4
"NAD89",3
"NAD90",4
"NAD91",4
"NAD92",3
"NAD93",4
"NAD94",4
"NAD95",3
"NAD96",3
"NAD97",4
"NAD98",4
"NAD99",4
"NADA83",6
"NAdD27",2
"NADS 83",3
"NAS 27",1
"NAS27",2
"NAVD88",1
"ND83",2
"NDA83",2
"New (1950) Arc",70
"New (1960) Arc",739
"NGVD 29",1
"none indicated",1
"North America 1983/NAD83 (GRS 80)",3
"North America; USA; Texas; Brewster County; Marathon",1
"North America; USA; Washington; San Juan County; Friday Harbor",1
"North American 1983",2
"North American Datum 1927",584221
"North American Datum 1983",51364
"Not Georef",329
"not recorded",47396
"not recorded (forced WGS84)",1830196
"null",4368
"NWS84",6
"Ocotepeque",17
"Ocotepeque 1935",8653
"On Water with net",1
"Ordnance Survey of Great Britain 1936",77
"Owens",5
"Parikh; NAD83",3
"Piep",2
"Pomeroy",2
"POS",31
"preserved 3 May 1980",1
"Provisional La Conoa 1956 (Venezuela)",42
"Provisional South American 1956",2999
"PRP_M",28056
"q",1
"R4W T4S sec11",1
"Retriever Seamount",1
"Reunion",90
"Righthand Shutup",6
"Romoland 7.5' Q.",1
"Romoland 7.5\' Q.",1
"RSA:2009",7210
"S1942",5
"SAD69",185978
"San",2
"San Antonio de los Cobres",19
"Schwarzeck",103
"SD:2009",86
"Solitario",2
"South American Datum 1969",899
"Street/Atlas",2
"Sunshine Springs",1
"T.24S., R.24E., S.31",1
"T.4S., R.4W., sec 11, SW 1/4",2
"T1S, E22W, sec. 11",1
"T1S, R22W, S11",1
"T45N R101W",1
"Tayma",8
"Terrai Navigator 1:24,000",1
"Terrain Navigator",153
"Terrain Navigator 1:24,000",1696
"Terrain Navigator 5.03 1:24000",105
"Terrain Navigator Pro",1986
"Terrain Navigator Pro.",1
"Terrain Navigator, inferred",1
"Terrain Navigator: 1:24,000",1
"WGS 84, GPS reading",6
"WGS 84.",3
"WGS 84/ NAD 83",2
"WGS 84/NAD 83",7
"WGS 85",4
"WGS 88",5
"WGS 89",5
"WGS 894",1
"WGS 94",2
"WGS*$",1
"WGS*4",15
"WGS100",2
"WGS101",1
"WGS102",1
"WGS103",1
"WGS104",1
"WGS105",1
"WGS106",1
"WGS107",1
"WGS108",1
"WGS109",1
"WGS110",1
"WGS111",1
"WGS112",1
"WGS113",1
"WGS114",1
"WGS115",1
"WGS116",1
"WGS117",1
"WGS118",1
"WGS119",1
"WGS120",1
"WGS121",1
"WGS122",1
"WGS123",1
"WGS124",2
"WGS125",1
"WGS126",1
"WGS127",1
"WGS128",1
"WGS129",1
"WGS130",1
"WGS131",1
"WGS132",1
"WGS133",1
"WGS134",1
"WGS135",1
"WGS136",1
"WGS137",1
"WGS138",1
"WGS139",1
"WGS140",1
"WGS141",1
"WGS142",1
"WGS143",1
"WGS144",1
"WGS145",1
"WGS146",1
"WGS147",1
"WGS148",1
"WGS149",1
"WGS150",1
"WGS151",1
"WGS152",1
"WGS153",1
"WGS154",1
"WGS157",1
"WGS158",2
"WGS159",1
"WGS160",1
"WGS161",1
"WGS162",1
"WGS163",1
"WGS164",1
"WGS165",1
"WGS166",1
"WGS167",1
"WGS168",1
"WGS169",1
"WGS170",1
"WGS171",1
"WGS172",1
"WGS173",1
"WGS174",1
"WGS175",1
"WGS176",1
"WGS177",1
"WGS178",1
"WGS179",1
"WGS180",1
"WGS181",1
"WGS182",1
"WGS183",1
"WGS184",1
"WGS185",1
"WGS186",1
"WGS187",1
"WGS188",1
"WGS189",1
"WGS190",1
"WGS191",1
"WGS192",1
"WGS193",1
"WGS194",1
"WGS195",1
"WGS196",1
"WGS197",1
"WGS198",1
"WGS1984",159611
"WGS-1984",974
"WGS-1984.",2
"WGS199",1
"WGS200",1
"WGS201",1
"WGS202",1
"WGS203",1
"WGS204",2
"WGS205",1
"WGS206",1
"WGS207",1
"WGS208",1
"WGS209",1
"WGS210",1
"WGS211",1
"WGS212",1
"WGS213",1
"WGS214",1
"WGS215",1
"WGS216",1
"WGS217",1
"WGS218",1
"WGS219",1
"WGS220",1
"WGS221",1
"WGS222",1
"WGS223",1
"WGS224",1
"WGS225",1
"WGS226",1
"WGS227",1
"WGS228",1
"WGS229",1
"WGS230",1
"WGS231",1
"WGS232",1
"WGS233",1
"WGS235",1
"WGS236",1
"WGS237",1
"WGS238",1
"WGS239",1
"WGS240",1
"WGS34",358
"WGS4",7
"WGS64",2
"WGS72",288
"WGS8",78
"WGS80",61
"WGS800",1
"WGS83",226
"WGS83/NAD83",23
"WGS83/NAD84",5
"WGS84",5432903
"WGS-84",422
"WGS84  (UTM Datum: N/A)",12
"WGS84  (UTM Datum: NAD 27 CONUS)",33
"WGS84  (UTM Datum: NAD 27CONUS)",1
"WGS84  (UTM Datum: NAD83)",706
"WGS84 (originally NAD83)",1
"WGS84 datum",314
"WGS84, Google Earth",2
"WGS84, TopoZone maps",1
"WGS84/NAD 83",1
"WGS84/NAD27",332
"WGS84/NAD8",74
"WGS84/NAD82",1
"WGS84/NAD83",31231
"WGS84/NAD84",1
"WGS84/WGS83",4
"WGS84; accuracy in ft",3
"WGS84`",3
"WGS8444.126448",101
"WGS84c",1
"WGS84F",2
"WGS84q",2
"WGS85",37
"WGS85/NAD83",16
"WGS86",361
"WGS87",9
"WGS88",2
"WGS89",2
"WGS90",1
"WGS91",3
"WGS92",2
"WGS93",1
"WGS94",361
"WGS94/NAD83",26
"WGS95",3
"WGS96",2
"WGS97",3
"WGS98",3
"WGS99",1
"WGSj\\84",1
"WGSTRS: T15N R06E84",1
"WHGS84",1
"WHS84",6
"Withheld",19
"Woods Hollow Tank",3
"World Geodetic System 1966",561
"World Geodetic System 1972",2855
"World Geodetic System 1984",651966
"WQGS84",4
"WS 1984",2
"WS 84",1
"WS84",8
"WS84/NAD83",1
"WSG 1984",1
"WSG 84",1
"WSG-1984",1
"WSG83",8
"WSG84",88
"WSG84/NAD83",176
"WWGS 84",1
"""""Zaire""""",2
"ZNP",1
"Zone 12: 373158E. 4489619N",1
"Zone 12: 385432E. 4485629N",1
"Zone 12: 385976E. 4485076N.",1
